Monthly Prayer Times in Philadelphia,,,,,,,
March,Day,Ramadan Day,Fajr,Dhuhr,Asr,Maghrib,Isha
01,Sat,1,5:19 AM,12:13 PM,4:10 PM,5:53 PM,7:08 PM
02,Sun,2,5:17 AM,12:13 PM,4:11 PM,5:54 PM,7:09 PM
03,Mon,3,5:16 AM,12:13 PM,4:12 PM,5:56 PM,7:10 PM
04,Tue,4,5:14 AM,12:13 PM,4:13 PM,5:57 PM,7:11 PM
05,Wed,5,5:13 AM,12:12 PM,4:14 PM,5:58 PM,7:12 PM
06,Thu,6,5:11 AM,12:12 PM,4:15 PM,5:59 PM,7:13 PM
07,Fri,7,5:10 AM,12:12 PM,4:16 PM,6:00 PM,7:14 PM
08,Sat,8,5:08 AM,12:12 PM,4:17 PM,6:01 PM,7:15 PM
09,Sun,9,6:08 AM,1:12 PM,5:17 PM,7:01 PM,8:15 PM
10,Mon,10,6:07 AM,1:11 PM,5:18 PM,7:02 PM,8:16 PM
11,Tue,11,6:05 AM,1:11 PM,5:18 PM,7:03 PM,8:17 PM
12,Wed,12,6:03 AM,1:11 PM,5:19 PM,7:04 PM,8:19 PM
13,Thu,13,6:02 AM,1:11 PM,5:20 PM,7:05 PM,8:20 PM
14,Fri,14,6:00 AM,1:10 PM,5:21 PM,7:06 PM,8:21 PM
15,Sat,15,5:58 AM,1:10 PM,5:22 PM,7:07 PM,8:22 PM
16,Sun,16,5:57 AM,1:10 PM,5:23 PM,7:08 PM,8:23 PM
17,Mon,17,5:55 AM,1:10 PM,5:23 PM,7:09 PM,8:24 PM
18,Tue,18,5:53 AM,1:09 PM,5:24 PM,7:10 PM,8:25 PM
19,Wed,19,5:52 AM,1:09 PM,5:25 PM,7:11 PM,8:26 PM
20,Thu,20,5:50 AM,1:09 PM,5:26 PM,7:12 PM,8:27 PM
21,Fri,21,5:48 AM,1:08 PM,5:26 PM,7:13 PM,8:28 PM
22,Sat,22,5:47 AM,1:08 PM,5:27 PM,7:14 PM,8:30 PM
23,Sun,23,5:45 AM,1:08 PM,5:28 PM,7:16 PM,8:31 PM
24,Mon,24,5:43 AM,1:07 PM,5:29 PM,7:17 PM,8:32 PM
25,Tue,25,5:41 AM,1:07 PM,5:29 PM,7:18 PM,8:33 PM
26,Wed,26,5:40 AM,1:07 PM,5:30 PM,7:19 PM,8:34 PM
27,Thu,27,5:38 AM,1:07 PM,5:31 PM,7:20 PM,8:35 PM
28,Fri,28,5:36 AM,1:06 PM,5:32 PM,7:21 PM,8:36 PM
29,Sat,29,5:34 AM,1:06 PM,5:32 PM,7:22 PM,8:38 PM