Monthly Prayer Times in Dhaka,,,,,,,
March,Day,Ramadan Day,Fajr,Dhuhr,Asr,Maghrib,Isha
02,Sun,1,5:04 AM,12:11 PM,4:24 PM,6:02 PM,7:18 PM
03,Mon,2,5:03 AM,12:11 PM,4:25 PM,6:03 PM,7:18 PM
04,Tue,3,5:03 AM,12:11 PM,4:25 PM,6:03 PM,7:19 PM
05,Wed,4,5:02 AM,12:10 PM,4:25 PM,6:04 PM,7:19 PM
06,Thu,5,5:01 AM,12:10 PM,4:25 PM,6:04 PM,7:19 PM
07,Fri,6,5:00 AM,12:10 PM,4:26 PM,6:05 PM,7:20 PM
08,Sat,7,4:59 AM,12:10 PM,4:26 PM,6:05 PM,7:20 PM
09,Sun,8,4:58 AM,12:09 PM,4:26 PM,6:05 PM,7:21 PM
10,Mon,9,4:57 AM,12:09 PM,4:27 PM,6:06 PM,7:21 PM
11,Tue,10,4:56 AM,12:09 PM,4:27 PM,6:06 PM,7:22 PM
12,Wed,11,4:55 AM,12:09 PM,4:27 PM,6:07 PM,7:22 PM
13,Thu,12,4:54 AM,12:08 PM,4:27 PM,6:07 PM,7:22 PM
14,Fri,13,4:53 AM,12:08 PM,4:27 PM,6:08 PM,7:23 PM
15,Sat,14,4:52 AM,12:08 PM,4:28 PM,6:08 PM,7:23 PM
16,Sun,15,4:52 AM,12:08 PM,4:28 PM,6:08 PM,7:23 PM
17,Mon,16,4:51 AM,12:07 PM,4:28 PM,6:08 PM,7:24 PM
18,Tue,17,4:49 AM,12:07 PM,4:28 PM,6:09 PM,7:25 PM
19,Wed,18,4:48 AM,12:07 PM,4:28 PM,6:10 PM,7:25 PM
20,Thu,19,4:47 AM,12:06 PM,4:29 PM,6:10 PM,7:25 PM
21,Fri,20,4:46 AM,12:06 PM,4:29 PM,6:10 PM,7:26 PM
22,Sat,21,4:45 AM,12:06 PM,4:29 PM,6:11 PM,7:26 PM
23,Sun,22,4:44 AM,12:05 PM,4:29 PM,6:11 PM,7:27 PM
24,Mon,23,4:43 AM,12:05 PM,4:29 PM,6:12 PM,7:27 PM
25,Tue,24,4:42 AM,12:05 PM,4:29 PM,6:12 PM,7:28 PM
26,Wed,25,4:41 AM,12:05 PM,4:29 PM,6:12 PM,7:28 PM
27,Thu,26,4:40 AM,12:04 PM,4:30 PM,6:13 PM,7:29 PM
28,Fri,27,4:39 AM,12:04 PM,4:30 PM,6:13 PM,7:29 PM
29,Sat,28,4:38 AM,12:04 PM,4:30 PM,6:14 PM,7:30 PM
30,Sun,29,4:37 AM,12:03 PM,4:30 PM,6:14 PM,7:30 PM