Monthly Prayer Times in San Francisco,,,,,,,
March,Day,Ramadan Day,Fajr,Dhuhr,Asr,Maghrib,Isha
01,Sat,1,5:28 AM,12:22 PM,4:22 PM,6:04 PM,7:16 PM
02,Sun,2,5:27 AM,12:22 PM,4:23 PM,6:05 PM,7:17 PM
03,Mon,3,5:25 AM,12:22 PM,4:24 PM,6:06 PM,7:18 PM
04,Tue,4,5:24 AM,12:22 PM,4:25 PM,6:07 PM,7:19 PM
05,Wed,5,5:23 AM,12:21 PM,4:26 PM,6:08 PM,7:20 PM
06,Thu,6,5:21 AM,12:21 PM,4:26 PM,6:09 PM,7:21 PM
07,Fri,7,5:20 AM,12:21 PM,4:27 PM,6:10 PM,7:22 PM
08,Sat,8,5:18 AM,12:21 PM,4:28 PM,6:11 PM,7:23 PM
09,Sun,9,6:18 AM,1:21 PM,5:28 PM,7:11 PM,8:23 PM
10,Mon,10,6:17 AM,1:20 PM,5:29 PM,7:12 PM,8:24 PM
11,Tue,11,6:15 AM,1:20 PM,5:30 PM,7:13 PM,8:25 PM
12,Wed,12,6:14 AM,1:20 PM,5:30 PM,7:14 PM,8:26 PM
13,Thu,13,6:12 AM,1:20 PM,5:31 PM,7:15 PM,8:27 PM
14,Fri,14,6:11 AM,1:19 PM,5:32 PM,7:16 PM,8:28 PM
15,Sat,15,6:09 AM,1:19 PM,5:33 PM,7:17 PM,8:29 PM
16,Sun,16,6:08 AM,1:19 PM,5:33 PM,7:18 PM,8:30 PM
17,Mon,17,6:06 AM,1:19 PM,5:34 PM,7:19 PM,8:31 PM
18,Tue,18,6:04 AM,1:18 PM,5:35 PM,7:20 PM,8:32 PM
19,Wed,19,6:03 AM,1:18 PM,5:35 PM,7:21 PM,8:33 PM
20,Thu,20,6:01 AM,1:18 PM,5:36 PM,7:22 PM,8:34 PM
21,Fri,21,6:00 AM,1:17 PM,5:37 PM,7:22 PM,8:35 PM
22,Sat,22,5:58 AM,1:17 PM,5:37 PM,7:23 PM,8:36 PM
23,Sun,23,5:57 AM,1:17 PM,5:38 PM,7:24 PM,8:37 PM
24,Mon,24,5:55 AM,1:17 PM,5:39 PM,7:25 PM,8:38 PM
25,Tue,25,5:53 AM,1:16 PM,5:39 PM,7:26 PM,8:39 PM
26,Wed,26,5:52 AM,1:16 PM,5:40 PM,7:27 PM,8:40 PM
27,Thu,27,5:50 AM,1:16 PM,5:41 PM,7:28 PM,8:41 PM
28,Fri,28,5:48 AM,1:15 PM,5:41 PM,7:29 PM,8:42 PM
29,Sat,29,5:47 AM,1:15 PM,5:42 PM,7:30 PM,8:43 PM