Monthly Prayer Times in New York City,,,,,,,
March,Day,Ramadan Day,Fajr,Dhuhr,Asr,Maghrib,Isha
01,Sat,1,05:14 AM,12:08 PM,04:04 PM,05:48 PM,07:03 PM
02,Sun,2,05:12 AM,12:08 PM,04:05 PM,05:49 PM,07:04 PM
03,Mon,3,05:11 AM,12:08 PM,04:06 PM,05:50 PM,07:06 PM
04,Tue,4,05:09 AM,12:08 PM,04:07 PM,05:51 PM,07:07 PM
05,Wed,5,05:07 AM,12:08 PM,04:08 PM,05:52 PM,07:08 PM
06,Thu,6,05:06 AM,12:07 PM,04:09 PM,05:53 PM,07:09 PM
07,Fri,7,05:04 AM,12:07 PM,04:10 PM,05:55 PM,07:10 PM
08,Sat,8,05:03 AM,12:07 PM,04:11 PM,05:56 PM,07:11 PM
09,Sun,9,06:03 AM,01:07 PM,05:11 PM,06:56 PM,08:11 PM
10,Mon,10,06:01 AM,01:07 PM,05:12 PM,06:57 PM,08:12 PM
11,Tue,11,05:59 AM,01:06 PM,05:13 PM,06:58 PM,08:13 PM
12,Wed,12,05:58 AM,01:06 PM,05:14 PM,06:59 PM,08:14 PM
13,Thu,13,05:56 AM,01:06 PM,05:14 PM,07:00 PM,08:16 PM
14,Fri,14,05:54 AM,01:06 PM,05:15 PM,07:01 PM,08:17 PM
15,Sat,15,05:53 AM,01:05 PM,05:16 PM,07:02 PM,08:18 PM
16,Sun,16,05:51 AM,01:05 PM,05:17 PM,07:03 PM,08:19 PM
17,Mon,17,05:49 AM,01:05 PM,05:18 PM,07:04 PM,08:20 PM
18,Tue,18,05:48 AM,01:04 PM,05:19 PM,07:05 PM,08:21 PM
19,Wed,19,05:46 AM,01:04 PM,05:19 PM,07:07 PM,08:22 PM
20,Thu,20,05:44 AM,01:04 PM,05:20 PM,07:08 PM,08:24 PM
21,Fri,21,05:42 AM,01:04 PM,05:21 PM,07:09 PM,08:25 PM
22,Sat,22,05:41 AM,01:03 PM,05:22 PM,07:10 PM,08:26 PM
23,Sun,23,05:39 AM,01:03 PM,05:23 PM,07:11 PM,08:27 PM
24,Mon,24,05:37 AM,01:03 PM,05:23 PM,07:12 PM,08:28 PM
25,Tue,25,05:35 AM,01:02 PM,05:24 PM,07:13 PM,08:29 PM
26,Wed,26,05:33 AM,01:02 PM,05:25 PM,07:14 PM,08:31 PM
27,Thu,27,05:32 AM,01:02 PM,05:26 PM,07:15 PM,08:32 PM
28,Fri,28,05:30 AM,01:01 PM,05:27 PM,07:16 PM,08:33 PM
29,Sat,29,05:28 AM,01:01 PM,05:27 PM,07:17 PM,08:34 PM