Monthly Prayer Times in Karachi,,,,,,,
March,Day,Ramadan Day,Fajr,Dhuhr,Asr,Maghrib,Isha
02,Sun,1,05:38 AM,12:45 PM,04:56 PM,06:34 PM,07:51 PM
03,Mon,2,05:38 AM,12:44 PM,04:57 PM,06:35 PM,07:51 PM
04,Tue,3,05:37 AM,12:44 PM,04:57 PM,06:35 PM,07:52 PM
05,Wed,4,05:36 AM,12:44 PM,04:58 PM,06:36 PM,07:52 PM
06,Thu,5,05:35 AM,12:44 PM,04:58 PM,06:36 PM,07:53 PM
07,Fri,6,05:34 AM,12:43 PM,04:58 PM,06:37 PM,07:53 PM
08,Sat,7,05:33 AM,12:43 PM,04:59 PM,06:37 PM,07:53 PM
09,Sun,8,05:32 AM,12:43 PM,04:59 PM,06:38 PM,07:54 PM
10,Mon,9,05:31 AM,12:43 PM,04:59 PM,06:38 PM,07:54 PM
11,Tue,10,05:30 AM,12:42 PM,04:59 PM,06:39 PM,07:55 PM
12,Wed,11,05:29 AM,12:42 PM,05:00 PM,06:39 PM,07:55 PM
13,Thu,12,05:28 AM,12:42 PM,05:00 PM,06:40 PM,07:56 PM
14,Fri,13,05:27 AM,12:42 PM,05:00 PM,06:40 PM,07:56 PM
15,Sat,14,05:26 AM,12:41 PM,05:01 PM,06:41 PM,07:57 PM
16,Sun,15,05:25 AM,12:41 PM,05:01 PM,06:41 PM,07:57 PM
17,Mon,16,05:24 AM,12:41 PM,05:01 PM,06:42 PM,07:58 PM
18,Tue,17,05:23 AM,12:41 PM,05:01 PM,06:42 PM,07:58 PM
19,Wed,18,05:22 AM,12:40 PM,05:01 PM,06:43 PM,07:59 PM
20,Thu,19,05:21 AM,12:40 PM,05:02 PM,06:43 PM,07:59 PM
21,Fri,20,05:20 AM,12:40 PM,05:02 PM,06:43 PM,08:00 PM
22,Sat,21,05:19 AM,12:39 PM,05:02 PM,06:44 PM,08:00 PM
23,Sun,22,05:17 AM,12:39 PM,05:02 PM,06:44 PM,08:01 PM
24,Mon,23,05:16 AM,12:39 PM,05:02 PM,06:45 PM,08:01 PM
25,Tue,24,05:15 AM,12:38 PM,05:03 PM,06:45 PM,08:02 PM
26,Wed,25,05:14 AM,12:38 PM,05:03 PM,06:46 PM,08:02 PM
27,Thu,26,05:13 AM,12:38 PM,05:03 PM,06:46 PM,08:03 PM
28,Fri,27,05:12 AM,12:38 PM,05:03 PM,06:46 PM,08:03 PM
29,Sat,28,05:11 AM,12:37 PM,05:03 PM,06:47 PM,08:04 PM
30,Sun,29,05:10 AM,12:37 PM,05:03 PM,06:47 PM,08:04 PM